employee_id,average_quiz_score,average_discipline,average_punctuality,average_teamwork,average_communication,average_problem_solving
009ab6c6-d1e5-4ac1-9c76-6b095e978475,5.5,2.0,4.0,2.0,2.0,0.5
01052db8-d115-4f33-9ecf-3643995ab59d,3.0,3.6666666666666665,2.3333333333333335,3.0,3.6666666666666665,2.3333333333333335
016bcca5-45b7-4b79-9d37-3f15cd71538c,8.5,2.5,4.0,4.5,1.0,2.5
018a0477-c197-45bb-a916-a5a5a31e5e95,5.0,5.0,5.0,2.0,4.0,0.0
020c56ce-a124-4188-b622-0e1789668482,9.0,5.0,0.0,5.0,3.0,4.0
03103fd2-17c4-45fa-9a92-ba1123a8c2c0,6.0,3.0,1.0,5.0,4.0,0.0
038d92a2-fde2-4b4e-bb2c-df5207669e1b,5.0,2.0,5.0,3.0,1.0,0.0
04112da4-1693-444d-92ec-3da44f440b24,8.0,2.0,3.3333333333333335,2.3333333333333335,4.0,3.6666666666666665
04146dfa-3894-4819-9ad8-b3aa710f3ba6,3.0,0.0,1.0,0.0,2.0,2.0
04503f6c-c22b-44ef-91eb-e34d0c355cf8,10.0,4.0,5.0,1.0,2.0,0.0
04ab6765-b99e-46e6-90cd-de3163077abd,6.5,1.0,2.5,2.5,3.5,2.5
04fc8587-5a56-4575-ab8a-1ca9681e9a73,6.0,1.0,3.0,5.0,1.0,1.0
05572591-3817-4c64-9452-731ad244ce21,4.25,2.25,2.5,2.5,2.0,4.25
0630c63a-8729-4476-a9f3-266e5ea6f610,2.5,4.0,2.5,1.0,3.0,1.0
0667ba17-8311-46b1-8ffd-1209a2555659,1.0,2.0,3.0,1.0,4.0,0.0
06c9fc04-a20a-4799-b862-6b2b46e48e0b,2.5,2.5,2.5,3.0,1.0,3.5
0862f366-9f35-4e70-9039-d37e055936a9,3.3333333333333335,2.0,2.6666666666666665,3.3333333333333335,3.0,3.0
088f752b-53ba-452c-acd2-aba601390a6f,8.0,3.0,2.0,5.0,4.0,2.0
08965d10-ae3a-457d-b142-7d064d7d656c,10.0,2.6666666666666665,3.0,3.3333333333333335,2.6666666666666665,2.0
08da965a-7b9a-456a-b47d-6d9ab9156ab9,5.333333333333333,1.3333333333333333,0.6666666666666666,1.6666666666666667,3.3333333333333335,2.6666666666666665
092c4fd6-0394-4f19-ae88-5a0fdf4caa90,0.0,3.0,0.0,2.0,3.0,2.0
0938a9ce-20de-40a5-9bc1-85932807631a,6.5,2.0,2.0,3.0,0.5,3.0
09592692-4485-4597-9979-b437d9c4b2d1,6.0,3.0,2.0,5.0,5.0,2.0
09acde1f-3fc7-4883-80b8-24eba75d52ad,10.0,1.0,1.0,3.0,5.0,5.0
09fcf746-df96-434a-be37-0f7991953d8c,4.0,4.0,2.0,1.5,2.0,3.0
0a306019-bef1-4bff-b4be-cb8bd823c19c,9.0,5.0,5.0,4.0,3.0,2.0
0a50ce17-9334-4377-a623-06faa559be7d,3.0,3.0,2.0,0.0,1.0,1.0
0aa91a0c-69a6-4a72-9aea-6bdf8fd098e0,3.0,0.0,2.0,3.0,0.0,2.0
0b8dbfc1-a984-4514-842a-494ea58cafba,2.0,3.0,1.5,5.0,2.5,3.0
0ba11614-1660-4e72-830f-19b85cbed0c5,5.0,5.0,2.0,4.5,3.0,2.0
0bea347e-8be1-41ea-8a45-1fd6c54fff2d,10.0,2.0,0.0,0.0,5.0,1.0
0c24f62c-b281-4d8f-9df1-8ca6c3609fdb,3.5,4.0,2.5,1.0,4.0,2.0
0c540230-7227-482f-81cc-8efd674d1d14,7.0,3.0,1.0,2.0,5.0,3.0
0cc78cb7-acac-4a29-b18a-dc3c3a3728e5,5.0,2.5,5.0,4.0,2.0,1.5
0d4601ec-4763-4243-84dc-33ccd8ade79b,1.0,3.0,5.0,4.0,5.0,0.0
0da66fb5-3192-4422-98a6-446b89c7ff8d,4.5,3.5,2.5,2.5,4.0,4.5
0db37053-769f-47d5-b3d3-d6db5c5187d6,8.0,2.0,1.0,3.0,3.0,1.5
0de77a83-f6de-41b7-943c-dcb11cffda03,2.0,2.0,5.0,0.0,0.0,2.0
0e617539-e5a0-4ebf-8cd6-eda88b79a833,6.0,5.0,2.5,4.0,2.5,4.0
0eb426a9-994f-4a68-9cac-c80c0cf0b53e,6.333333333333333,3.0,2.6666666666666665,2.3333333333333335,4.666666666666667,3.0
0ed73263-321d-4bda-b18b-ca6a7bf4fdbd,6.0,1.3333333333333333,4.0,3.6666666666666665,2.3333333333333335,1.0
0f0e590a-8f65-48c1-aa7f-64ee7828a3c0,4.0,0.0,4.0,3.0,0.0,4.0
0f1fa0cc-aab8-48ab-bc3f-55f526e3ade5,5.75,3.0,3.0,3.0,2.5,2.5
0f3e96bd-60f1-4c39-aff4-0d22ad39c807,7.0,0.0,3.0,4.0,5.0,4.0
0fb05c08-714e-4c82-80f5-b275c9595b6d,3.3333333333333335,2.0,0.3333333333333333,4.0,2.0,4.666666666666667
0fed1b1a-5ce7-4dd0-9940-34f86d1391d5,8.5,4.0,2.5,3.0,1.0,4.0
1017280f-c772-499b-9305-c9609e9d698d,8.0,0.0,5.0,4.0,4.0,5.0
105d4b89-8749-4cd1-9b24-9318e4074922,5.666666666666667,0.3333333333333333,0.6666666666666666,2.0,0.6666666666666666,4.0
105d81a9-0290-4dd3-8a2c-71f4edec15a8,8.0,3.0,1.0,4.0,1.0,2.0
10991278-e68b-42ed-8b13-656eebaee7d3,3.5,2.0,1.5,3.0,3.0,0.5
10e28cc1-f586-4fec-96e5-6e8c1edc3816,8.0,2.0,5.0,4.0,2.0,0.0
10fc4673-5de8-4172-816f-a5c58871a0a1,6.5,3.0,2.5,4.0,2.5,3.5
11233b9f-0c33-4c75-aebc-0b1acafad657,6.0,4.5,2.5,2.5,4.0,3.5
1168a5bc-545f-4060-9bff-6c2e80bf07d3,9.0,2.0,4.0,4.0,3.0,4.0
11d5d321-1845-40ea-af2e-56696a662fc9,5.0,1.0,3.0,2.0,2.0,5.0
128a8867-b698-4e5e-b1ba-47ff48171efd,4.5,4.0,3.5,4.5,1.0,1.5
1293ef95-6995-4a66-a642-7d0913181dc2,0.5,0.5,2.5,4.0,2.0,3.0
14dbaad6-06d7-4d3a-9872-1113686fbd9e,10.0,1.0,1.0,1.0,1.0,0.0
14e12609-dda5-4181-beaf-2c1cfd2dc183,2.0,2.0,5.0,2.0,1.0,3.0
153fbf40-c302-477c-963e-7b269414eccb,1.0,3.5,3.0,1.5,5.0,2.5
1690e536-757d-402e-a1b9-7faf65408170,6.5,4.0,1.0,2.5,1.0,0.5
16c7871d-a8ed-4404-add2-2805659be1c2,8.0,2.0,0.75,3.5,1.5,2.25
16db94e7-2392-4862-9462-313fc2467df3,6.0,1.0,3.0,5.0,4.0,4.0
175a8c22-dfd5-424e-a9cc-06e865d9ee81,5.5,2.5,0.5,4.5,3.0,2.0
177e16f4-cb20-4f66-8492-ac81c1a6eb08,7.0,3.0,2.6666666666666665,2.6666666666666665,1.3333333333333333,2.3333333333333335
17ada83e-4799-4189-b21f-16140f5d2ea4,3.0,2.0,1.0,1.5,2.0,2.5
17b3e5c6-b476-41c0-bac5-899e9b31d941,0.0,4.0,1.0,2.0,5.0,1.0
17c2f8a3-d5e9-47f7-bc32-0804196ce224,5.0,1.0,2.0,0.0,5.0,0.0
17d5b39e-4aa9-4659-81bb-5ca4cfd89869,8.0,4.0,4.0,2.0,2.0,2.0
17fc30d6-54e8-4c90-a93c-cac22cf82b30,5.0,3.0,3.0,3.0,0.0,2.0
18824881-9750-4615-a38b-42c46922fd58,10.0,1.0,0.0,2.0,3.0,3.0
18a18875-378f-498e-8419-378565ea0f5e,3.6666666666666665,0.6666666666666666,0.6666666666666666,2.3333333333333335,4.333333333333333,2.6666666666666665
18d04b6b-1176-4c91-aa2b-bc1a076bbfc5,9.0,3.0,4.0,3.0,5.0,2.0
193726d5-6dba-45e4-8cf3-df3c89adc965,3.5,1.5,3.0,3.5,3.0,0.5
19cadec7-3cd0-4a47-844c-7c93a7c50032,2.0,2.0,2.0,0.0,2.0,4.0
1a40d330-6711-4f76-b251-9a5c2744ef93,5.0,0.0,3.0,5.0,0.0,3.0
1a4991a8-1431-4474-919c-aaba374c6e4e,5.0,2.5,1.0,2.0,0.5,4.0
1a7cd1e7-da29-4196-8488-d8ab1267e6d0,7.666666666666667,3.6666666666666665,2.6666666666666665,2.3333333333333335,1.0,2.3333333333333335
1add6c1e-3c59-4686-827e-5ea5498a7e01,7.5,4.5,3.0,4.0,2.0,3.5
1b538c9e-e87f-4ef3-9abb-4d1d53c5f894,3.3333333333333335,3.0,3.3333333333333335,2.0,2.3333333333333335,3.0
1b742445-193b-4e4a-aa22-a81db7528bab,7.0,5.0,5.0,5.0,3.0,1.0
1c40f3e2-9a63-4684-9dcd-63698a38598b,0.0,1.0,3.0,1.0,4.0,0.0
1cc32abc-c5e9-452b-a240-081bbfe5c1d5,10.0,2.0,2.0,4.0,5.0,2.0
1e930d9c-79c8-4831-a25e-525f8e07355f,7.0,0.0,3.0,3.0,2.0,5.0
1e9ca7e9-158c-4578-b126-22c10efcf707,6.25,2.25,2.0,4.25,1.5,3.0
1eba4c82-358b-4f18-99da-6fb3dd44ceb2,3.0,1.0,0.5,1.5,2.5,0.5
1edde150-323f-40c9-b8d0-b3d5c89a3814,0.0,2.0,2.0,2.0,3.0,5.0
1f3e5859-353b-4acc-80ae-0f2977484ae1,3.0,4.0,4.0,4.0,0.0,1.0
20a4dc24-9f98-4d38-bb9f-3a86b802a32a,3.0,5.0,3.0,3.5,2.0,3.0
214109c9-fffe-4e6a-b177-24307505be63,1.0,5.0,4.0,4.0,2.0,5.0
21ef04ac-3372-4d69-a742-e44a55215b0d,7.0,5.0,0.0,2.0,3.0,0.0
21f3fd26-e090-4fef-8dc8-a96ff403a40d,2.5,3.0,0.0,3.5,3.0,3.5
2310add9-c338-46df-a706-a758b312cb98,2.5,3.5,3.0,3.5,3.5,0.5
23177f0a-60ce-4947-9ca3-7109b6e63233,2.0,1.0,4.0,5.0,2.0,5.0
23207dd4-d161-4935-aaa4-a2cf2cc7adbb,1.0,1.0,2.0,4.0,0.0,0.0
2333c6e7-1c36-4e41-bc96-2c55c0393238,4.0,2.0,0.0,0.0,2.0,3.0
23729fbf-cd9d-43b7-b230-2c5bb4910ae4,0.0,5.0,3.0,0.0,0.0,2.0
23faabfb-c7be-4e92-bbff-f53d3bbaa83b,6.0,4.75,2.75,3.25,2.5,2.75
2430255b-6f34-45d1-9e85-57d2b22cf6da,0.0,4.0,4.0,3.0,1.0,1.0
249478bf-bae2-4357-a125-783b82b9152a,0.0,3.0,4.0,4.0,5.0,3.0
2527c95f-5e79-4c67-a047-11535c2c8b35,7.0,3.0,3.0,4.0,3.0,2.0
25c0024f-c8aa-48fd-9856-448d05d0b97f,3.0,2.5,2.5,3.0,2.5,3.0
25f14ecf-1be0-41e1-ad5c-dfffeeee6801,7.0,4.0,3.5,4.0,3.0,3.5
25fd3dd4-03f0-4f94-be60-7429729441f7,5.0,0.5,2.0,2.0,0.5,3.0
26fc7bd2-f1ca-4255-af68-14ae62940be7,6.0,3.0,1.0,3.0,1.0,1.0
271a7df3-201d-40ee-bc96-2109ecece552,1.0,2.0,0.0,4.0,3.0,0.0
275bc1c0-f3e6-4dd9-bf4a-4abf54a7371d,5.0,3.0,3.0,5.0,0.0,0.0
28155c89-447d-4cf4-a772-12103c790b40,1.0,5.0,5.0,3.0,4.0,3.0
2821944f-d85c-448b-b235-35435f13f181,5.5,3.0,2.0,3.0,2.0,3.0
2832e870-0880-4c82-8c3a-29a9f9b03fd2,4.0,5.0,3.0,5.0,5.0,5.0
28706808-23d8-43b4-b28d-fcb791463c76,3.0,2.0,0.0,1.0,3.0,5.0
291f7944-e361-4324-8897-419b69940ef8,8.0,2.0,5.0,5.0,2.0,5.0
2941a01c-0c7e-45fe-afe6-8af947247093,9.5,3.0,1.5,1.5,0.0,3.5
2956f423-2534-42f2-b063-d3b65c8eca25,2.0,1.0,5.0,1.0,5.0,0.0
298930c7-888a-4134-a69e-d2b5775280d8,6.0,3.0,2.0,0.0,2.0,2.0
2a16923e-0254-4576-8727-9c53a4f6d3ed,4.0,0.0,2.0,1.0,3.0,1.0
2a6ce001-391b-4ed9-9ebd-27a225a3a412,3.0,4.0,4.0,4.0,4.0,2.0
2adae9b1-fb8e-4063-aeb2-68c0ea3f6e05,4.0,4.0,2.0,3.0,2.0,0.0
2b61d009-3d7b-44fa-bea0-fb70641e97f4,7.0,3.0,0.0,3.0,2.0,1.0
2be0b23b-970d-4227-a698-3438fda4dfa0,4.5,0.5,2.5,1.5,3.5,2.5
2c1b4852-508b-40a4-9500-6fa29f8085e8,4.0,1.0,3.0,2.0,1.0,5.0
2c61d50c-868a-4815-9e1f-45169c8cb61e,9.0,5.0,3.0,0.0,3.0,4.0
2c935ca5-5526-43b0-a78d-9a2330e6c293,2.0,5.0,3.0,3.0,2.0,2.0
2dda1367-f896-4b3e-99df-8f0a206b0b22,9.0,5.0,0.0,1.0,3.0,4.0
2e0eb8d2-a162-429e-af34-2fa619ac053e,6.0,4.0,0.0,3.0,4.0,0.0
2e5f41c4-34e0-43a9-80fc-6f3bca7979a4,3.0,2.0,2.0,3.0,4.0,3.0
2ed97427-d181-423e-a829-9a0a0b866bf7,4.0,1.0,0.0,1.0,5.0,4.0
3066e16c-325d-41fd-a46d-d238e4d12b1d,9.0,1.0,0.0,1.0,0.0,0.0
308ea641-05c8-4360-a05f-42b8bfbfa057,0.5,1.5,4.0,4.0,4.5,2.5
31890c15-43ae-476c-a6c7-e4afd0c5a477,0.5,4.0,1.5,2.5,2.5,3.0
31d94bb5-f188-4b1d-a671-5a0ea12e1371,3.0,5.0,4.0,5.0,2.0,1.0
31fc4976-e760-44eb-b8a4-bf31d80cbdc9,5.0,3.0,2.0,4.0,1.0,2.0
3213b873-66e3-49c6-b82f-f24f99969dc0,9.0,4.0,0.0,3.0,2.0,4.0
336e151e-11a5-4c48-a6bc-154d7a6b39f8,0.0,2.0,4.0,2.0,3.0,5.0
338535de-0ade-410d-b0fe-a5a20190735c,7.0,1.0,4.0,2.0,4.0,5.0
33ba2922-aa28-44e4-aaea-047d5aeaedf2,8.0,1.5,2.5,0.5,2.0,1.0
33d8ae4d-b967-4cca-a1a0-f295a84f6f3e,0.0,5.0,1.0,0.0,0.0,0.0
33fad7dd-2618-4294-a0bc-1103983f5e74,3.0,3.0,3.0,3.3333333333333335,3.6666666666666665,2.0
3417bfcb-78c1-4fb9-a76b-03ca61a7fca6,2.0,2.0,5.0,5.0,5.0,4.0
350a86ec-ef5d-40a0-bdbe-2721a7bbcd6b,3.0,4.0,3.0,1.0,5.0,3.0
350d465f-d059-4fca-b2bf-1195a4d79420,5.5,0.0,2.5,2.0,0.0,3.0
351e34ef-f58a-48b1-857f-bf4ef37e6f6b,3.5,3.5,1.5,1.0,2.5,3.0
35a63ea9-4fd2-40d3-bcd8-d0fd452963d6,10.0,4.0,0.0,1.0,1.0,5.0
35e725ff-d5bd-431a-a9ac-8302accb82b7,9.0,2.0,4.0,5.0,3.0,5.0
36075a6a-545c-4438-8252-178718da51c2,9.0,5.0,4.0,0.0,3.0,5.0
3628ab4c-e9bc-4020-8e48-1fc0173e6024,4.5,1.75,1.25,2.0,2.25,2.0
36470616-512b-48fd-82c5-958ba7aa5b29,7.0,0.0,1.0,1.0,5.0,3.0
36a041b9-db02-4df9-88ad-c366bc38ef00,4.0,2.0,2.0,1.0,5.0,0.0
36fafd63-7522-4508-bc50-592a6c736c78,7.0,3.0,5.0,4.0,1.0,2.0
3710d59d-09e7-47ee-b8cd-1690ef67cf1e,4.0,2.3333333333333335,3.0,3.0,3.3333333333333335,3.6666666666666665
37294375-13b3-4a89-9281-2701117ae7dc,4.0,3.0,1.0,5.0,1.0,5.0
3780720d-c8f5-4ff2-9a60-f05b51532267,1.5,4.0,1.5,2.0,1.0,3.0
37b026f4-55b9-4d5f-93e1-155395a7302a,1.5,1.5,3.0,2.0,3.5,3.5
38bf6990-d88c-488c-90d2-13fc6a23524e,7.0,4.0,5.0,5.0,2.0,5.0
38cb139e-3ba9-45c3-9068-a16f160c652d,3.0,0.0,1.0,3.0,2.0,3.0
3a0a2cec-1f7b-481c-af50-c1667ab08ccb,3.0,4.0,4.0,1.5,2.0,1.0
3a25f661-db5d-427d-8a05-5c1455043a03,4.0,0.0,0.0,2.0,1.0,4.0
3a2e4e5d-31d1-4bdd-a305-f62bb0cd32eb,1.0,4.0,1.0,3.0,2.0,3.0
3a4d23ec-a511-4ec1-92f1-f7086c864016,4.0,5.0,1.0,3.0,1.0,2.0
3b096a39-8a03-41b7-8ed4-cbc5f470545d,8.0,4.0,5.0,3.0,0.0,0.0
3b3c6bec-e852-4625-b9b7-fe4a9ff4449e,4.5,2.0,3.0,1.5,3.5,2.0
3b565b5a-e047-4b63-b365-ad1b6197a01d,2.0,3.0,0.0,3.0,0.0,3.0
3bae5108-c7fd-4361-a679-0ec44167d2f9,4.5,5.0,2.0,3.0,2.5,4.5
3c737900-a140-469b-b059-ede4071128eb,5.0,1.0,0.0,1.0,0.0,3.0
3c94c5fd-556e-48bb-b5f4-0b1e2302caac,5.0,0.0,5.0,1.0,5.0,0.0
3f0ded0e-baeb-4bc0-8b40-d9d965db6132,3.0,0.0,3.0,3.0,0.0,5.0
3f1ece64-fd99-4fe6-8769-025b20aa03f1,4.5,3.0,1.5,2.0,1.5,5.0
3fcdac30-36c1-4022-a5d7-6f3fbe9f523e,5.0,5.0,3.0,5.0,0.0,3.0
402dac8b-753a-4bea-9d83-7adc6b488c12,6.5,1.5,2.0,2.5,3.0,5.0
40872f54-0391-4c80-910a-23ec26dab61c,3.0,1.0,4.0,5.0,2.0,4.0
41a07fdf-039b-40c3-bac7-bcbca811f290,0.0,1.0,1.0,2.0,0.0,2.0
42727745-f602-402d-b58c-41d29ceea0c0,9.0,2.0,3.0,2.0,2.0,0.0
42861469-4dbf-40b1-bd3a-efd610b92274,5.0,4.0,0.5,2.5,3.5,2.0
43374ec8-7fe2-49e1-866b-b80961c9fd85,6.333333333333333,1.6666666666666667,3.3333333333333335,1.6666666666666667,4.0,2.3333333333333335
437bd677-6dff-4892-b1bc-12d96d0b56a0,4.0,5.0,3.0,3.0,5.0,4.0
43db7cfc-51ae-45fd-9c33-577add989a83,3.0,3.0,1.0,5.0,0.0,2.0
43f1d48d-e071-4e6a-b15f-932808d62fd0,6.0,5.0,5.0,0.0,2.0,3.0
445cedf1-00c3-4a9d-8ece-0b851aff1305,4.6,2.4,3.6,3.0,2.4,1.6
44b47a05-626c-4663-b3e5-8fda9867d03f,0.0,4.0,1.0,0.0,1.0,3.0
4562b342-cf1f-4801-8cea-efc0c66e5d11,6.0,2.0,2.0,0.0,1.0,0.0
461503b6-041d-4715-a21d-90a3011a690b,2.0,2.5,1.0,1.5,0.5,0.0
461c80ee-e543-4cff-87f1-80a58e640457,10.0,4.0,4.0,2.0,2.0,2.0
462e764a-3699-484f-8f89-15369f24cc39,9.0,0.0,0.0,2.0,2.0,1.0
47ef0d73-2f58-48d6-8f80-4722435f7025,2.0,0.0,5.0,0.0,2.0,4.0
482ffe8f-85f5-4e41-b104-1c7b20f02178,7.5,3.5,0.5,2.5,4.0,4.5
484156ee-47dd-4bb0-951a-efff367523e7,9.0,0.0,3.0,0.0,1.0,5.0
489d22a7-e432-4821-b465-23df1cca93b6,4.0,4.0,3.0,1.0,2.0,5.0
48a47c57-71a6-448c-8b53-1a1959a37a64,4.0,1.5,1.0,1.5,2.0,3.5
48b109b7-8803-41b5-bbed-9f71529a3a25,7.5,3.5,2.0,3.0,2.0,0.0
493caa19-34b2-40da-bd31-b5fce4e4f31e,10.0,0.0,3.0,3.0,4.0,4.0
4960d542-1b65-42df-916e-9198d0a21325,2.0,3.0,4.0,1.0,2.0,3.0
4b13d6d6-c060-4213-950d-2f2ac779d990,9.0,5.0,1.0,0.0,3.0,3.0
4b4a6b7a-8593-4e32-86b6-e6ea30b775d1,8.0,4.0,3.0,0.0,5.0,4.0
4b7ce45e-c2a4-45ad-90fb-bed8426e2329,1.0,3.0,4.0,3.0,2.0,4.0
4b8de1fc-e17f-4fce-97bf-cdf0fbf32c59,8.5,3.5,2.0,3.0,2.5,3.0
4b9875df-508a-4e8c-85d8-ebbb46028d9a,4.0,4.5,3.0,2.0,2.0,3.5
4bed5c62-b61d-40a1-ae78-2145ec24f8ed,3.0,1.0,3.0,3.0,2.0,2.0
4c086470-1f35-4d1f-a235-096c985b1ca1,8.0,0.0,4.0,2.0,2.0,2.0
4c211642-f70e-45e1-9935-a493f054711f,6.5,2.0,2.0,0.5,3.5,2.0
4c725474-1396-4bfe-9f49-8a5d429a45e3,10.0,3.0,4.0,3.0,1.0,3.0
4d18e709-a9cc-4d65-acd7-ad7cf3370d53,5.0,2.0,3.0,1.0,4.0,3.0
4d3cbd62-66d4-42de-a096-fb54a5318905,9.0,4.0,1.5,3.5,3.5,4.5
4d5584b1-f48b-4669-bdb3-cbaabf0af985,9.0,4.0,0.0,4.0,0.0,3.0
4d69850a-d1fb-4a09-bdc5-201a680faddb,7.5,4.0,1.5,3.0,3.5,1.5
4dab175d-3ffc-419e-9834-2812f3434ff1,2.0,3.0,0.0,0.0,5.0,2.0
4eab526f-6aa6-46db-b51b-cf2d271dc31d,3.0,1.0,0.0,1.0,3.0,0.0
4f0549c9-979d-46b9-aa86-6b033e0c084e,8.0,3.0,1.5,2.0,2.5,3.0
4f0d7c19-754e-4781-a7b7-9afdb040bec7,3.0,2.0,5.0,2.0,3.5,1.5
4f23754c-09f8-42a1-8263-91dbf2a59196,5.333333333333333,2.6666666666666665,1.3333333333333333,2.6666666666666665,2.6666666666666665,3.0
4f4cb55a-4123-4d79-bb74-405e7bd671b0,9.0,5.0,5.0,4.0,3.0,0.0
5009a6ff-8d7d-4fbc-af4b-36eb2d51a0c2,8.0,5.0,5.0,1.0,2.0,0.0
5220d964-7040-4539-89b2-f8234fc8c866,6.0,4.0,3.0,2.0,5.0,3.0
52239676-a0ba-4a3d-9a43-b7aa64992aae,4.0,5.0,4.5,1.0,4.0,2.0
52c68b01-822b-46bf-9166-7d3223afaa98,0.0,0.0,5.0,2.0,5.0,1.0
52f03567-98ea-4ed4-a1fa-33cf94752a93,4.0,4.5,2.5,1.5,3.0,3.5
53a84df1-e22b-41cb-9c42-bad46a5a7be9,9.0,2.5,1.5,2.0,4.5,3.0
53fa3d6d-9784-4e60-b06f-dbcdb939e652,6.0,3.0,3.0,3.5,1.5,0.0
541d3818-dfce-42db-9ad7-3e18f7e229fe,7.0,2.0,3.0,2.5,3.5,1.0
542dafeb-9ea6-4209-885e-6d4502640bc1,0.0,0.0,5.0,2.0,4.0,2.0
549ca741-6288-456f-9e74-cef749e71470,2.0,1.0,2.5,1.0,1.5,4.5
54e210dd-79d9-46dd-85fc-d7c1324459dd,4.0,1.0,3.0,5.0,3.0,0.0
55213f57-34b7-44c0-9c54-de6c30a1781a,3.5,4.5,2.0,2.5,4.5,3.5
55b9d0d8-1d6d-4d06-ba73-70857ed0b132,1.0,5.0,5.0,0.0,1.0,5.0
55e9d5cc-4062-4cc6-ba75-4267513b203c,9.0,5.0,5.0,5.0,4.0,4.0
565907f3-bede-46c1-8d9d-9757e13ddbac,8.5,1.0,2.5,1.5,5.0,5.0
56813467-dca5-45fc-b1ac-320d4592b424,8.0,2.6666666666666665,2.6666666666666665,3.3333333333333335,3.0,2.0
569a7b06-f174-40e7-9ad1-c1d0c37fd8cf,3.0,4.0,0.0,4.0,1.0,2.5
56dbb602-530f-407f-8e89-4076ab7377fc,1.0,1.0,5.0,4.0,3.0,4.0
570a019b-4d01-4772-8e3d-bd216d79ff04,2.0,0.0,5.0,2.0,0.0,3.0
5733919d-92b9-4b35-9d47-3bf9ca5cbc22,5.5,3.5,2.5,2.0,2.0,4.0
57560df2-adc2-4edf-aa2b-4d891685af49,2.0,3.0,5.0,2.0,5.0,1.0
57960b6c-6cea-45cc-a32e-f100eb2f89a7,7.5,1.5,3.0,4.0,3.5,2.0
57afa392-abf0-4f20-87af-da88357ef52a,7.0,0.0,2.0,5.0,0.0,2.0
57d03786-3117-4979-9a85-a19f65c97aad,6.0,2.0,1.0,4.0,4.0,1.0
58491a67-5b8c-4012-9706-884a5763d8a4,5.0,0.0,0.0,3.0,5.0,1.0
58a763a2-0d58-46bf-8843-738e84f2a736,6.333333333333333,2.3333333333333335,1.3333333333333333,2.0,3.6666666666666665,1.0
58e80a86-8d19-4846-b99b-fe0a429d86e9,4.5,2.5,0.5,4.0,4.0,0.5
5985ba6a-a01f-4204-9f4c-e303c4ab086c,0.0,5.0,1.0,1.0,2.0,1.0
59e7034b-3dc2-481c-9ba8-d8059caf5602,5.5,1.75,3.5,2.25,0.75,2.25
5a50b0a8-3d58-444f-be71-b2a30f0cc50b,4.0,2.6666666666666665,3.3333333333333335,3.6666666666666665,2.6666666666666665,0.3333333333333333
5a9877c7-168e-4b23-9eb0-443bcdd0f440,5.0,2.0,2.0,1.0,4.0,5.0
5aa48036-7f9a-4e3f-89c8-210e409eb76b,9.0,4.0,3.0,1.0,1.0,5.0
5ac79a2e-7dd1-435b-b36b-7618f4f402a7,1.0,2.0,4.0,2.0,3.0,1.0
5b88240f-fb07-407c-a81c-5505aaeda6ee,7.0,5.0,4.0,1.0,2.0,1.0
5b8947c6-9627-4843-8d17-1088ab5858ee,2.5,3.0,4.5,4.0,3.0,2.0
5b91509f-8104-46ce-9cc4-bddc9335874b,8.0,1.0,0.0,2.0,4.0,1.0
5ba5c65c-7d9b-4489-87b9-c63b946a0290,10.0,5.0,4.0,2.0,0.0,5.0
5c05ad71-0281-433a-a91b-fa57caae7abf,1.0,5.0,5.0,5.0,2.0,0.0
5cb2373e-39ac-4ea4-9ba4-a24d23235549,1.0,1.0,1.0,5.0,4.0,3.0
5d0696f2-777e-433f-8919-adb28cce796b,9.0,3.0,1.0,2.0,0.0,5.0
5d43c96f-53d5-4022-84af-9312c6b415a5,4.666666666666667,2.6666666666666665,2.3333333333333335,2.0,2.0,3.3333333333333335
5e0d78a7-5d1e-4403-a473-6b600a9392b6,1.0,2.0,0.0,1.0,4.0,3.0
5e28fc55-cc1c-46c8-8191-90abacf716af,2.0,3.0,4.0,1.0,5.0,4.0
5f184c8c-27e5-4ae4-a657-138393b4c50a,0.0,1.0,2.0,3.0,2.0,4.0
5f5c9f96-afa7-4abb-9339-3324c6a2f43a,8.0,5.0,1.0,1.0,0.0,0.0
5f6e5c4c-a955-4393-a43e-59105f76cfe7,6.0,1.3333333333333333,2.0,1.3333333333333333,2.6666666666666665,3.3333333333333335
5fef50ba-17ee-4f03-b99b-19a237bd5cb1,0.0,4.0,4.0,2.0,0.0,1.0
607d491a-1e54-4780-b60c-40b65d4100d3,10.0,5.0,3.0,4.0,0.0,2.0
615edcf3-f3c6-445a-9d33-b244238fdd82,6.0,0.0,0.0,4.0,0.0,4.0
618a29c4-8ffc-4913-8834-f600a6f52833,5.0,4.0,0.0,0.0,3.0,5.0
61f7c826-39a1-4fbb-adc9-39d43626721d,7.0,0.0,4.0,1.0,0.0,1.0
61f94145-8963-42e5-bcec-05a760b875cd,7.0,3.0,0.0,1.0,2.0,1.0
62c2fe7a-6284-4053-bc14-437d5ca9fb35,7.0,4.0,5.0,4.0,5.0,1.0
633d6f5a-0b3a-4d4c-b2e3-ff43010cd157,5.0,3.0,2.5,3.0,2.0,2.0
63725b08-ecfa-4561-966d-d415b21b6e8c,0.5,3.0,3.0,5.0,1.5,2.0
63bda101-0b3d-4e46-8b17-335a05be2653,8.0,4.0,2.0,2.5,1.0,2.5
63fdcb19-3d93-4a6e-8f08-17acf4eda616,4.0,2.0,2.0,4.0,1.5,2.5
645e0c33-9605-49f3-97ff-86d563a2cb09,1.0,1.0,3.0,3.0,3.0,1.0
64d9bc34-2f43-4efd-a27e-9927826cc52c,4.0,0.0,2.0,5.0,3.0,1.0
6502fcc4-f1f8-4ecf-8e04-4496c43429c7,7.0,5.0,0.0,3.0,4.0,4.0
6514b8c5-7019-4c77-8441-f37d4534d40c,3.0,3.0,5.0,1.0,2.0,4.0
6567a534-93d0-45c9-9481-0d2496fd4ba4,0.0,2.0,2.0,5.0,1.0,4.0
6583acfc-6eca-425b-8706-6a8e0e4d8099,4.0,5.0,4.0,0.0,0.0,0.0
65bdadf5-99e2-4984-9296-a2e41ee3061d,6.0,3.0,2.0,1.0,4.0,4.0
669ef95c-f8cc-4c12-a20a-060c2ce71fdc,4.0,4.0,2.0,0.0,0.0,5.0
66b735b3-6720-406a-9d5b-42bc77452ea2,7.0,0.0,2.0,5.0,3.0,3.0
66e80404-a89b-4c36-9877-53bd0d0ec00c,0.0,1.0,1.0,4.0,2.0,4.0
68ead8b1-ca4c-4d0b-9a2c-380804402636,8.5,3.5,1.0,3.5,1.5,1.5
691cbc79-80e9-45cd-99f8-9124ef32021c,4.0,1.0,5.0,4.0,1.0,5.0
692fa3fd-3400-4bd9-ad27-1e4b21194b20,3.5,3.0,1.5,3.5,2.0,1.5
693b6e9f-a963-4a18-9525-c43d65d3c75a,8.0,2.5,1.5,1.5,4.5,4.0
697e7a03-68e0-4dd9-bb4e-b292f1845f10,4.0,2.0,3.0,3.0,5.0,3.0
69e3cb4a-beb0-4e3b-8d01-15234af709cf,5.5,1.5,2.0,3.5,2.5,0.5
6a7f2628-12c0-4897-af8d-5d8c9c02cbdc,5.0,0.3333333333333333,1.3333333333333333,2.3333333333333335,1.0,3.0
6a9799d1-71ed-42b0-a692-37d864eaaff9,0.0,0.0,5.0,4.0,5.0,0.0
6adfc6bd-5714-40b8-8204-6377f128450b,4.0,1.0,5.0,3.0,5.0,0.0
6aefedfe-8695-4b36-a6b0-9ce9cfccf7b4,7.0,0.0,5.0,0.0,2.0,4.0
6b0e0b14-7765-4a2d-8767-b6ca1cc88cd7,1.0,2.0,3.5,2.5,3.0,3.5
6b3cd5af-63cc-4f7c-9195-1f7988d019e3,2.0,1.0,0.0,5.0,5.0,0.0
6c2567cb-0d70-48bd-8ce5-c8b057cab6b9,5.5,0.5,3.0,1.0,2.0,4.0
6d5568a0-8c3c-4293-819a-c59251dabbe3,2.5,4.0,5.0,3.5,2.5,5.0
6ebf1307-e4e1-40b7-93fc-02b4e7f6adbc,6.0,4.0,1.0,1.0,3.0,3.0
6fcd030e-3d70-4f0f-8c36-c476f0c68ea1,2.0,4.0,1.0,4.0,3.0,5.0
706ad9ad-ce2e-4282-b681-97d653148943,0.0,5.0,1.0,1.0,4.0,5.0
709d2cc3-7760-48c3-be25-ebd7645314b0,6.5,3.0,4.0,1.5,3.5,3.0
7167f529-c709-435e-b46a-45d5ee1c3af2,3.0,4.0,4.0,0.0,4.0,4.0
72c2d3fb-cec7-41de-98c6-85a93b0f80f0,5.0,0.5,2.5,1.0,3.0,4.0
72c8b862-5f27-480b-8f85-922d3e7c7294,5.5,2.5,4.5,3.5,3.5,4.0
733d3388-7ed9-426e-a061-e392dc6f8f05,8.0,2.5,2.0,1.5,1.5,2.5
73c27904-3e8f-4c45-8812-34b28a5016ea,0.0,2.0,5.0,3.0,3.0,0.0
73eefce6-e084-4feb-8d7d-b903cfd0fa12,0.0,1.0,4.0,4.0,0.0,4.0
74a18554-5bc1-4d6c-b54e-39392b1690a7,2.0,4.0,0.0,1.0,1.0,2.0
74e6189a-3be0-4db6-8d16-b5bdc1ccb51b,4.0,4.0,3.0,0.0,0.0,1.0
7549232a-c0c3-4f02-a751-e6fd0dc3dfa7,2.5,2.5,3.0,1.5,3.5,4.5
7571e17b-2f1b-483a-b67e-5c259894cc77,6.5,2.0,3.5,1.0,5.0,3.0
75e3627b-1943-4b89-b3be-81f2612928d0,3.0,2.0,0.0,1.0,2.0,1.0
76ebd9f8-f496-44d8-91b1-5a6437373e70,6.0,2.0,1.5,0.0,1.5,3.5
776ca8aa-8409-4a6f-9945-db3e8bb7da04,1.0,3.0,1.0,5.0,1.0,3.0
77b32be0-155d-4280-abb7-9df93ffd02ee,3.0,4.0,0.0,1.0,1.0,2.0
783bf549-997e-4f1f-b0e8-475a1111a551,9.0,0.0,0.0,1.0,0.0,4.0
78673be7-8333-4966-b72d-486e659cb64d,6.0,5.0,5.0,2.0,1.0,5.0
78dbdced-b3bb-4d32-ab2e-47e6f20f39fd,5.25,2.25,1.25,2.0,3.0,1.75
78dc6b56-a949-4ffd-9b64-8e9403a50df5,7.0,4.333333333333333,1.0,3.0,3.6666666666666665,3.6666666666666665
7aed9e2e-9518-49f4-a38a-75456431ff7d,4.0,5.0,0.0,2.0,4.0,3.0
7b281e83-d6fc-4190-8317-9bb3c9518a73,4.0,5.0,0.0,4.0,1.0,1.0
7b2b931b-c311-4170-b028-9e32b5d11325,6.0,3.0,4.0,5.0,3.0,3.0
7b2ca3be-fe08-419b-8333-ee2d6ee2b72b,5.0,4.0,0.0,4.0,3.0,4.0
7bd3d537-0eb7-418a-b276-ecf359bc95bf,9.0,3.0,0.0,5.0,3.0,1.0
7ca99815-8474-4771-a6ba-1fa3e3e10411,7.75,2.0,2.0,2.5,3.0,3.0
7cd4020a-f420-48ff-9500-748cf624f1d0,3.0,2.0,2.5,2.0,2.0,3.5
7d245ef7-05f3-4f1a-89f2-856bf5f0f95d,7.0,0.0,2.0,0.0,0.0,4.0
7d3bbe89-cfc2-43fa-a141-e3cde3cba5be,3.0,4.0,3.5,0.5,2.0,3.5
7d5aa3ce-c262-4a38-a816-92cd24a4211c,5.333333333333333,1.0,3.0,2.0,4.333333333333333,1.0
7d6f8d29-3321-4490-93b2-af8964f50fab,4.0,5.0,1.5,3.0,5.0,2.5
7db10a0d-0d15-4e3f-a5e8-e2b791a465ae,5.0,3.5,1.5,1.5,2.0,0.5
7dc6273f-4a04-441d-9836-b3e95ccf2ff9,4.0,2.0,4.0,4.0,5.0,4.0
7e6b5e56-ef0e-4350-92d7-7cd56ca9ec0d,10.0,5.0,1.0,5.0,3.0,0.0
7ea5ecc8-6797-48fa-b10c-d286b3397239,10.0,2.0,4.0,1.0,5.0,3.0
7ec0ebbf-3643-4bbf-8490-5a049e043f00,6.5,2.5,2.0,3.0,1.5,3.0
7ed71ab0-67d1-4b7b-aea4-fe7c4f4192f8,0.0,2.0,1.0,5.0,1.0,1.0
802654b0-778b-4a84-8380-4600352d4b6f,6.0,2.5,0.0,5.0,3.0,2.5
80743880-2f7e-41cf-835a-26528d7fd841,8.0,1.0,4.0,5.0,3.0,2.0
80b01fdd-7414-4b7a-af88-70b60adc551a,6.0,2.0,2.0,5.0,3.0,1.0
80efc618-9ad2-490e-b38b-0782c8408bc5,4.0,0.0,0.0,3.0,0.0,0.0
81cffb6c-57e3-49f5-ad19-7c056bc682aa,3.0,1.0,3.0,3.5,2.5,1.0
81e022c2-7f55-4389-b5e0-fced6cd87569,2.0,2.0,1.0,5.0,4.0,3.0
81f13b26-f5c9-49d9-b9dc-8b8c5d491f42,6.0,5.0,4.0,0.0,1.0,5.0
8200ef7f-2620-4629-b172-6024a2398902,8.5,2.5,1.0,3.5,3.5,3.0
8254064d-7d3c-432d-bb62-52bb36277d59,5.0,0.5,2.0,2.5,0.5,1.0
82f482ac-05b3-4091-83aa-401357f359e1,4.333333333333333,1.6666666666666667,1.6666666666666667,1.0,1.3333333333333333,3.3333333333333335
838335fd-9d8e-4355-ab83-1d8f2d4645d8,9.0,2.0,3.0,3.0,3.0,5.0
84225b68-9009-412a-94f4-481daa8c0146,10.0,2.0,3.0,0.0,1.0,5.0
853b9f8b-3f1d-46f9-893c-d84add540317,10.0,1.0,2.5,3.0,2.0,1.0
85b50916-6a14-4ce7-aef0-a43216465e62,8.5,3.5,1.5,1.5,2.0,1.5
85dd14ca-8cde-48cc-bcc0-f9ccb8b3152d,2.0,5.0,4.0,1.0,0.0,5.0
8682c728-e983-4854-be37-eb9a06cf6ad5,10.0,4.0,2.0,2.0,1.0,3.0
872561cb-9d15-47b1-9a61-07c142ad9270,0.0,4.0,0.0,4.0,0.0,2.0
878cae11-307c-489b-a193-ff5d28537302,6.5,2.5,3.5,4.0,4.5,3.0
87ebb813-b0e8-4871-ad46-555eefe2df8e,8.0,3.0,3.0,0.0,5.0,5.0
8968539a-0916-449b-982c-b4dd1ae1703e,10.0,2.0,0.0,1.0,0.0,1.0
89b547fb-2871-43df-92df-46b807f9003e,5.666666666666667,4.0,2.6666666666666665,4.0,3.0,1.3333333333333333
89d7ec71-b51e-411a-bb5a-ce598dd697e5,1.0,0.0,2.0,1.0,1.0,3.0
8a522481-5ddf-4dc6-9274-72842b3d0405,3.5,1.0,2.0,2.5,1.0,3.0
8a530b98-d890-485c-8618-48eff5e3bb30,4.0,2.5,1.5,3.0,2.5,3.5
8b06f22f-d1f2-48c4-b572-d7daa0ec1032,5.75,3.25,2.25,2.5,2.25,2.25
8bb20043-6c1e-42db-ab43-d6520893f1cd,7.666666666666667,1.6666666666666667,0.0,2.0,3.6666666666666665,3.3333333333333335
8bbd58c2-331b-4a2b-b27b-81dd4aac0e33,0.0,5.0,4.0,1.0,4.0,5.0
8bef541d-fcd7-42de-828d-f11c0443f7f4,9.333333333333334,2.0,3.6666666666666665,1.3333333333333333,1.6666666666666667,3.0
8bfe79e9-303b-495c-ba1b-2e46dde41dd7,6.333333333333333,2.3333333333333335,2.3333333333333335,2.0,3.0,2.0
8c07d39b-5816-45e6-b057-b0700223a35e,1.0,2.0,4.0,2.0,2.0,3.0
8c7e7e90-817f-4800-bac8-c5888ae8b257,8.0,4.0,3.0,1.0,3.0,5.0
8c82d6cc-9e8f-40b2-98f8-b3bbab8f7673,2.0,4.0,5.0,5.0,3.0,0.0
8d066eb3-4022-4231-86af-95aae2649545,5.0,1.5,4.0,1.5,2.5,1.5
8d13101d-52be-42a9-b4cb-6231fe267efb,10.0,3.0,0.0,0.0,3.0,4.0
8d3f558a-bb11-461a-80c5-ce13b5d3b4c4,6.0,3.0,4.0,1.0,2.0,5.0
8d67e922-0ad5-4daf-9c30-aed983783e34,5.0,3.0,0.0,2.0,5.0,0.0
8d83198d-d509-4510-927d-8f64b4c830ac,7.333333333333333,3.6666666666666665,3.0,4.0,3.3333333333333335,2.6666666666666665
8d91f6e5-803a-47a2-bcf9-f9e8079c24b9,5.5,3.0,0.5,4.5,0.5,2.5
8edd6ea4-0a14-427f-a592-3cc3d71d6b99,2.0,5.0,1.0,0.0,5.0,3.0
8f5e32b7-3609-4145-bd80-89593f4f666c,5.5,2.5,4.5,0.5,3.5,2.5
8fbf818b-6d16-4d75-94c8-c6ce06413e7b,5.5,3.0,3.0,2.5,2.0,3.0
8fc5852d-3ee6-4c07-8780-d66ac53c129e,6.0,2.0,4.0,0.5,1.0,2.5
8fd7ab88-20b9-4f63-8980-43def1a04bcc,10.0,3.0,3.0,3.0,4.0,3.0
902d08ae-18a0-41ad-bba6-00294a44554b,5.5,2.5,0.5,0.0,2.5,4.5
9044f05b-ad3d-4bf0-b848-3fd585c96782,3.0,5.0,5.0,5.0,1.0,5.0
90dd69ba-1c70-4d36-9721-96620f556fa0,4.666666666666667,2.3333333333333335,3.0,2.3333333333333335,3.0,2.3333333333333335
91a6348f-50e0-4079-8e24-c44153f2b087,8.0,0.0,2.0,0.0,3.0,0.0
9222165c-d47d-4114-be77-8392a2664e3a,8.0,3.0,5.0,4.0,3.0,5.0
9232f5c7-1218-4f27-a3fb-4aee723a7238,5.0,5.0,5.0,4.0,0.0,1.0
9259de7f-3171-4216-8d07-da9222c7c3fe,0.0,5.0,5.0,4.0,5.0,5.0
926cab4e-fcd2-4c96-b7d3-f2e054b61702,10.0,0.0,2.0,4.0,5.0,3.0
928231c6-c4ac-4dec-9f89-56ca5f90446e,2.0,2.0,0.0,4.0,2.0,0.0
92e960d4-2822-4608-902f-7155fceebebd,9.0,5.0,4.0,5.0,5.0,0.0
92edc24f-f46c-48c9-9917-90cd8bfd2578,3.0,5.0,4.0,1.0,5.0,5.0
92f4a9c4-1b4d-4013-922d-2ff219a55b60,5.0,2.5,2.5,3.0,1.5,4.0
9307b1c4-24eb-473d-bb4c-5571b36cbb89,4.0,0.0,3.0,0.0,1.0,0.0
934c3a85-f66d-4ad1-a6fc-eb655446d464,3.0,2.5,1.5,3.0,0.5,4.0
93502eb9-b9eb-4c09-9a15-9ce44114ed85,4.5,1.5,3.0,4.0,1.5,0.5
935c5c2e-2537-44f8-935a-17f8b3635b77,5.0,2.0,3.0,3.5,1.0,3.0
936c63e1-e491-4c7d-bccb-257c60397a66,3.0,1.0,0.0,0.0,0.0,2.0
9431fdb1-9954-41c1-801a-ba80818c6d6f,1.0,1.0,4.0,0.0,4.0,3.0
952a438f-eab0-4aa0-9a4b-7a93d5665394,5.0,1.3333333333333333,3.0,3.0,2.3333333333333335,1.6666666666666667
96132192-d8bf-4701-86d8-fc3244d5bda8,6.5,0.5,2.5,3.75,3.25,3.75
96a53254-56e3-4ba6-8731-22f595bec185,2.0,5.0,4.0,3.0,4.0,5.0
9746b296-bd7c-45b7-bb06-df39a33bcf02,8.0,5.0,2.0,4.0,3.0,0.0
97575f1b-4190-4504-b993-40e450cd1afc,6.333333333333333,2.3333333333333335,0.0,4.0,3.3333333333333335,3.0
97a5ecac-2cd7-4d7a-abd3-b12c43383d2e,5.333333333333333,2.6666666666666665,1.3333333333333333,3.0,1.6666666666666667,3.6666666666666665
97de6e05-bb5c-4423-95bf-56f04fd006a9,5.5,4.0,1.5,0.5,2.5,0.5
97efc01b-bd93-4aa0-bdd7-abcf560242bd,7.5,2.5,1.0,2.5,1.0,4.0
9a195792-61e3-4d3f-9cf8-e2b27575fa69,9.0,1.0,1.0,0.0,4.0,2.0
9b1dc957-6ac4-473b-ad32-df506b6d124f,6.0,4.0,1.0,3.0,0.0,3.0
9b5a4be9-5723-4a6a-a34d-38c644396191,6.0,2.0,3.0,5.0,2.0,5.0
9b828525-f211-4aa3-85c8-283f735bd3c0,7.5,2.0,3.5,0.0,1.0,4.5
9c298dc0-7f6e-4819-a9df-c6836deb1878,5.0,5.0,2.0,5.0,5.0,5.0
9c8182c9-063e-483e-bf54-569f4f297a26,6.0,1.0,5.0,5.0,2.0,5.0
9d3873c2-1f54-4479-814b-77ca5a8ce422,0.0,2.0,0.0,3.0,5.0,2.0
9dd1f5d1-d272-4c1a-8565-d7a187e2e539,7.5,2.0,2.0,1.5,2.5,2.0
9ebef154-7cbc-4a23-9282-308ecbbf3982,1.0,4.0,2.0,3.0,2.0,1.0
9f48d7cb-e8cb-40e3-81d6-1514311c1c87,2.0,4.0,0.0,3.0,1.0,0.0
9fca2ced-35ef-4d20-a9ce-c0963a9edbcf,4.0,5.0,5.0,2.0,4.0,1.0
a01bb4ce-bd39-42fd-9c18-08ff5b2e0a8f,7.0,5.0,2.5,5.0,4.0,2.0
a05a9481-dabe-4c18-af3d-0362699c16f1,4.666666666666667,2.3333333333333335,1.0,3.6666666666666665,3.3333333333333335,1.0
a05b2465-3266-4cac-be63-8b2c6fdf1037,7.0,2.0,5.0,5.0,4.0,3.0
a24f6644-3d3c-40b3-a517-886f6e7043e5,7.0,3.0,3.0,4.0,3.0,2.0
a25b8ecf-8569-499b-8a7c-43149a3b1580,6.0,2.0,4.0,2.0,1.0,3.0
a2ea2f35-1a3f-4acb-8953-5851440ea3ef,9.0,2.5,2.5,1.0,2.5,3.0
a307bab5-2da9-4c96-aa56-6f3e5829bfd3,9.0,5.0,4.0,3.0,4.0,1.0
a3086e87-be7a-406f-9287-807ce1622662,3.0,5.0,1.0,4.0,2.0,2.0
a38325ab-5465-4913-aa35-87f271ef90ad,5.0,1.0,4.0,4.0,1.0,5.0
a3f740c0-5056-48d8-ae3d-394ede6371ca,10.0,2.0,2.0,4.0,4.0,0.0
a4e5db60-6058-457d-b562-128b423a694f,5.0,5.0,0.0,3.0,0.0,5.0
a6128e08-95e3-494e-8e1d-ddfa9d362fc4,7.0,2.0,2.0,2.0,2.0,2.0
a65ab4d3-8277-49dc-bb84-b89717f852ca,0.0,3.0,1.0,0.0,3.0,0.0
a7aa7286-4188-4897-b7b8-988f85f9e146,8.0,3.0,0.0,3.0,2.0,2.0
a7b8aed4-c7bd-49a4-a07c-1fe706f55836,4.0,5.0,3.0,5.0,2.0,5.0
a7f27b5f-ed89-45f9-8b9f-c052fcf570fd,6.0,2.0,5.0,2.0,1.0,2.0
a7fd609d-7507-4472-a342-3b68356207f2,4.5,2.5,2.5,3.0,4.5,2.0
a880ed5a-d7b7-4657-85c5-98c6fb776d1b,6.5,3.5,3.0,1.0,3.0,2.0
a89903fa-7bb9-478c-bb22-020d953d526d,7.0,4.5,4.5,2.0,3.5,2.0
a946c959-200f-4abe-990c-2794adfa31a1,6.0,2.0,2.0,3.0,4.0,1.0
a961db19-40af-4f4d-beb0-dd802b15d045,4.333333333333333,3.0,0.3333333333333333,2.6666666666666665,2.0,3.6666666666666665
a9f39d4c-1d94-4495-9a3d-09655a2b6f9b,5.0,3.0,1.0,3.0,4.0,5.0
aa10e093-9fb9-4b70-8158-076ab99246b7,5.0,2.6666666666666665,4.0,2.0,1.3333333333333333,1.6666666666666667
aa8a12d1-5808-459f-bfd8-3f5d5cab637b,4.0,2.0,0.0,0.0,0.0,3.0
aa91fb9a-659b-4705-9aab-5b4745dcda93,4.0,0.0,4.0,3.0,2.0,5.0
aaaf8b11-c0a9-40c4-a3e5-d98d45fab676,6.0,2.0,4.0,3.0,1.0,3.0
ac555eff-447c-40ea-a184-e573e440678f,7.0,0.0,5.0,3.0,2.0,0.0
ac635355-dd19-48a6-988c-e05b62aaaf85,5.0,0.0,1.0,0.0,0.0,0.0
ac8ad892-3623-49aa-9166-5a35c659e0df,7.666666666666667,2.3333333333333335,3.6666666666666665,2.0,3.3333333333333335,4.0
acff6a68-8ab5-43a4-ae9e-4c481be342d3,1.5,2.5,0.0,2.0,1.5,3.0
ad36e23d-cfc5-4bb7-bfe2-b83f287974f8,2.0,5.0,1.0,1.0,1.0,3.0
ad812cc4-cc4a-43ee-b5ca-f3e98161da49,2.0,4.0,5.0,3.0,0.0,2.0
ad81776e-3fbe-4c37-884f-b143cffff8e7,6.0,1.0,0.0,3.0,4.0,0.0
adf7c2d8-1ba3-4b67-a781-49a4484bec1f,3.0,2.0,2.0,3.0,1.0,2.0
ae520066-774d-4471-9de9-7e7aa4ea3116,9.0,3.0,2.3333333333333335,4.666666666666667,4.0,4.666666666666667
aed9038a-4af7-4aa4-a7e3-d1cbc7d31b25,2.0,1.0,3.0,0.0,0.0,1.0
af20a346-d5ed-4e35-bf3a-4c9c04b0eb41,5.0,2.5,4.5,3.5,2.0,2.5
afeeaa49-ff9b-42ac-b3e5-d36031975c40,0.0,5.0,5.0,1.0,3.0,1.0
b06e6077-4874-4bf3-905d-a89049a9f037,10.0,0.0,5.0,3.0,3.0,5.0
b099da79-ede3-4721-af23-4f894164c281,2.0,4.0,4.0,5.0,4.0,3.0
b0cbb659-8e2a-4a60-aae6-daa40fa2618c,1.0,4.0,2.0,3.0,3.0,1.0
b0e9cb39-210b-4a4a-b464-9e026300c509,3.0,4.0,2.0,2.0,3.0,3.0
b0eb4925-73b6-4349-85af-ecb0965da052,10.0,5.0,0.0,0.0,5.0,3.0
b10ae512-bd6a-474b-9f54-3f1ff1e9a521,9.0,5.0,5.0,3.0,3.0,5.0
b11e463a-510a-4587-a506-65d8e861d30b,6.0,2.0,2.0,2.6666666666666665,2.0,2.0
b13f9c7c-9ae5-4d67-8743-f468b7c17d78,4.0,3.0,4.0,3.0,1.0,1.0
b1618e83-d21b-4b0b-9c67-9ed501e2a211,6.8,2.8,2.0,2.6,3.4,1.8
b2dd2d14-fa5b-4101-9c0a-5bfc4d786fb6,4.5,3.5,2.5,1.5,2.0,3.0
b33643d9-9668-4689-a4a2-06b634297b82,5.0,2.75,2.5,2.25,1.0,2.0
b38b427f-909c-469f-993f-ce6557f86941,6.0,4.0,4.0,5.0,3.0,1.0
b43be706-7531-4cc6-86f8-66ca7fafbcab,6.0,3.25,3.0,2.0,2.5,3.25
b4b45a9d-a79d-424b-a791-fb07c7e18e4f,3.0,4.333333333333333,2.3333333333333335,2.0,2.3333333333333335,2.6666666666666665
b4ff2928-5e44-4a13-a32e-b2350ff3f3f4,8.0,4.0,0.0,5.0,3.0,5.0
b50687e2-46a9-4e0e-9f60-671f02dfedce,4.0,1.5,4.5,2.5,2.5,5.0
b51e7342-b0c6-48ad-91bc-70db031267cc,0.0,5.0,3.0,0.0,0.0,1.0
b55bbd20-9d8b-499e-aab1-ad92e0d79d24,8.0,5.0,1.0,3.0,0.0,2.0
b569a3bc-fe64-4afd-8d69-6e6876830b2c,6.0,5.0,0.0,5.0,5.0,2.0
b63c277c-94f5-45aa-99a7-07a4f1df9004,4.0,5.0,5.0,0.0,4.0,5.0
b66b4818-62ca-4d48-a6ec-62ba9895e69f,7.0,5.0,1.0,1.0,3.0,2.0
b676b5aa-636f-4704-98c1-c286321007ec,5.0,4.0,2.0,5.0,5.0,4.0
b6aa848c-a49a-4600-9547-7faacfddd8ae,9.0,4.0,0.0,1.0,4.0,0.0
b8a40f20-2572-4dfa-ada3-66e94eef7054,1.0,3.0,4.0,2.0,2.0,4.0
b9371430-a8d4-4517-961f-5187a0d04755,4.0,0.5,1.5,2.0,2.5,4.0
b95e7d5c-9cf9-44aa-8f61-a02afe696d9e,5.5,1.0,2.5,3.5,0.0,4.0
b9d15568-3b41-433d-b229-c87d671ee9a7,10.0,0.0,1.0,2.0,2.0,3.0
babdf1de-b21d-46a4-84af-1339c3ea8892,9.0,0.0,3.0,1.0,4.0,0.0
babe0d21-0a1e-47ae-a272-bc1ab0f3b867,4.5,2.0,3.5,4.5,3.5,3.5
bb5649e0-477e-48e4-a339-c1ed2a610e53,6.5,2.5,2.5,5.0,2.0,2.5
bb5b5fc1-0a8c-40be-b674-bba1f7799203,2.0,3.0,4.0,1.0,0.0,2.0
bb776a9d-db82-4b96-bda3-5331abb9a8d2,3.5,2.5,3.5,5.0,2.0,2.5
bb9480db-be0d-41f2-ba90-b1971b0daea0,7.0,1.5,4.0,3.5,3.5,2.0
bcc1d95d-8e46-4885-8a1f-8c4ff9205e6e,7.333333333333333,3.0,3.3333333333333335,1.0,4.666666666666667,3.0
bd0d0e60-c50c-41b9-a46b-c048ca66afcf,7.0,4.0,5.0,2.0,5.0,0.0
bd71cea3-e307-45e9-9676-229b0a88a154,6.0,4.0,0.0,1.0,4.0,3.0
be107e05-f347-4bdd-a175-975cd27d512f,1.0,2.0,0.0,3.0,2.0,1.0
beb3177f-8a43-426b-bab1-4198f66ba95e,7.0,4.0,5.0,1.0,1.0,4.0
bfea1cc2-3ec1-42d9-bc55-8e0e44f2eae7,4.5,4.5,2.5,2.5,3.0,3.0
c038cd75-c4e4-4dcd-a14e-7e1a17bc30e6,6.5,2.0,3.5,1.0,1.5,4.0
c0491e84-60f4-4d5d-836c-dbf19dbb1201,3.0,3.3333333333333335,1.0,4.666666666666667,3.3333333333333335,2.0
c0aab0fa-b633-4604-83b5-602d65954e57,3.0,0.0,1.0,5.0,3.0,2.0
c0b7ec3b-5a4f-49c7-9a5e-235baafd177a,7.5,1.0,4.5,2.5,0.0,2.5
c0ce7dee-ea3f-42f6-83bd-4374190d7e27,2.0,5.0,5.0,2.0,5.0,5.0
c0d67b2d-f28c-4dd9-87a0-aca4f6f1f9c1,4.0,3.0,1.0,4.5,1.0,1.0
c2075727-7acb-4332-9c9d-72b4dfa3e038,4.0,2.0,1.0,3.0,2.0,3.0
c22a1a17-3678-4e4c-9977-7e7626ca2c39,3.0,4.0,1.0,4.0,3.0,4.0
c35afa11-be7a-4db5-8c86-411e586bb95f,5.0,3.0,4.0,3.0,3.0,0.0
c361ea28-67fb-4b9c-9213-bba6b2276793,4.0,2.0,2.0,0.0,5.0,5.0
c404be80-2c05-4a77-a57a-bb7ae340160d,5.0,2.0,2.0,2.3333333333333335,4.666666666666667,1.6666666666666667
c78b550f-1e5f-46a3-9a5b-59869e0e2005,4.5,2.0,5.0,1.5,5.0,0.0
c7c55f6b-1c7c-441a-a7f3-2b3acf6ce4b0,5.5,2.5,2.5,0.0,2.5,2.0
c7dfb5f8-330c-4d0a-8765-ef1e1b503d64,10.0,3.0,2.0,3.0,4.0,4.0
c8c7281a-6f40-4e1c-8b0c-39421aa3d153,6.5,2.0,4.0,3.0,2.5,3.0
c8d70358-642a-4609-b0b2-9f5fe266d290,1.0,4.0,5.0,5.0,5.0,2.0
c8f4d14d-edac-4378-885b-c8160518abcf,10.0,1.5,2.5,2.0,2.0,4.0
c952403f-09b3-403c-9a8b-db20e448e443,8.0,1.0,2.0,5.0,0.0,2.0
c9d6227f-4dc7-4a29-a00b-8f3d5e8b57f2,7.0,4.0,0.0,3.0,0.0,5.0
ca15afc9-17a3-455c-bac3-ffdbde894a1a,5.666666666666667,2.3333333333333335,3.3333333333333335,1.6666666666666667,2.6666666666666665,2.3333333333333335
cab6ab14-69e2-4ff3-80ab-89131383792c,0.0,0.0,0.0,3.0,5.0,0.0
cb7e40ce-5bca-4783-ac5c-b757127dffe0,5.666666666666667,2.6666666666666665,3.6666666666666665,2.0,3.0,2.6666666666666665
cbeac016-e35f-41a3-93e8-9f2017b8fce3,5.0,2.5,3.0,4.5,0.5,3.0
cd2fce80-8399-4d9f-abe6-94a15d9e1ffc,10.0,2.0,3.0,2.0,5.0,0.0
ce06d04f-5b74-40b1-9358-d201aa472216,5.666666666666667,3.0,2.3333333333333335,0.6666666666666666,2.6666666666666665,2.3333333333333335
ce2118fd-ac1d-416e-93b3-87fb562b4616,3.0,1.0,2.0,3.0,1.0,3.0
d075b0aa-165a-44e1-a1a1-2ef9bd740775,9.0,5.0,1.0,2.0,3.0,2.0
d158a6c2-69d4-4ee9-9780-3529176801e2,4.0,4.0,1.0,3.0,1.0,4.0
d1a677a3-231e-471b-9c15-9a545b8a1964,5.0,4.0,0.0,5.0,5.0,5.0
d1b9d227-8889-4e9a-b00c-1ec9650156eb,6.0,1.5,5.0,4.0,1.5,3.0
d1d7cf35-01d3-45c6-a7bb-f2c392ea3325,8.0,2.0,0.0,0.0,2.0,2.0
d25aad51-dab9-48a7-a768-26a940f3cfd8,6.0,5.0,2.0,4.0,4.0,1.0
d2b2d2c5-961f-4bd1-ba4f-796fcc752614,9.0,3.0,5.0,1.0,1.0,5.0
d2fc0b28-8a33-45fb-b5e2-2c2f6a24fd86,5.0,4.0,0.0,0.0,5.0,1.0
d39621a2-c961-4c22-863a-9e01a90faba5,7.333333333333333,2.3333333333333335,1.6666666666666667,3.3333333333333335,2.3333333333333335,3.0
d3fdf723-7ab2-47cb-a7a8-00295f7cc477,7.0,3.0,0.0,4.0,1.0,2.0
d536f18b-422f-4b0e-8bcb-acfb04e67e73,9.0,2.0,5.0,2.0,0.0,0.0
d56b129b-2ed5-4d4f-87b5-6b8b2abb88ad,3.6666666666666665,2.0,1.3333333333333333,2.6666666666666665,2.3333333333333335,1.6666666666666667
d5983a6d-15af-4f5b-ac9b-cf4b1ab98af4,8.666666666666666,2.3333333333333335,3.0,1.6666666666666667,1.6666666666666667,2.6666666666666665
d5fc0192-d3ae-4052-a345-2f585d73b082,2.25,3.25,0.75,2.5,3.0,2.75
d6e9043a-da55-4ea6-9bc4-9378f8bcac7e,6.0,4.0,1.0,2.0,2.0,3.0
d746d575-806d-47d2-9aad-e40e3dadb3bc,1.5,2.0,0.0,2.5,1.5,2.5
d757f992-70f8-4166-bd68-0d282a787091,6.0,2.5,4.5,3.0,1.0,3.0
d764e26c-89e9-4efa-bfe8-41b5a223bab9,0.0,3.0,0.0,1.0,0.0,2.0
d846b0b5-1f57-487e-8312-60e0c8c237ef,9.0,0.0,5.0,5.0,0.0,0.0
d86278fc-aa25-4654-8443-b0697e87a8c5,1.0,3.0,0.5,3.0,3.0,4.5
d9615bdd-17af-4a18-83e5-32659fe4e524,7.0,2.0,3.0,1.0,5.0,5.0
d9828818-4d95-40bf-ad80-b5ad397fc543,0.0,2.0,0.0,4.0,4.0,3.0
da0b79c5-a063-4e60-b2eb-8bfaeedf44d3,7.0,5.0,2.0,4.0,3.0,1.0
da15b5b9-cddc-41be-93fc-a1783b3c360f,4.0,2.0,2.0,5.0,5.0,2.0
da25d91c-e628-4e5b-8fc4-8dc134fee08e,1.5,4.5,3.0,2.0,5.0,3.5
da57a5eb-dc46-4211-bf82-812afd878d32,0.0,0.0,2.0,2.0,2.0,1.0
da7c773d-327c-4484-b93c-e742a6894796,0.0,0.0,3.0,1.0,5.0,5.0
da8a38b6-40be-4250-9616-b45678153559,3.0,4.5,1.0,0.0,5.0,3.5
db4d71d1-0b2c-4592-a6ba-3b1b6f3dacd7,7.5,2.0,1.0,3.0,3.5,2.0
db5104d6-3509-4337-ac9c-1f32f16e796e,4.0,4.0,0.0,1.0,1.0,4.0
db8b5447-d630-46e9-887f-7cd9f96c7f11,4.0,2.0,1.5,3.0,2.0,2.5
dbfabf0f-307f-43af-9094-46483dd1bff3,5.0,2.5,3.0,1.0,4.0,2.5
dc2f01ed-04d6-4b8a-85f2-57c10306af93,8.0,2.5,1.5,1.0,3.5,2.5
dc60d956-3c94-4610-89af-fa5f22dc6706,7.5,3.0,1.5,3.5,2.0,3.5
dccd1c61-de12-427c-b066-591b482187c3,5.5,4.5,3.0,3.0,4.0,2.0
dce4ffaa-0b49-4988-a671-40d97d722a19,5.0,3.3333333333333335,3.6666666666666665,3.0,4.0,2.0
dd20ed2f-d15d-442e-b703-6eff0dd04e2f,4.5,3.5,0.5,3.0,2.0,1.5
dd3b99dc-14b7-4cbf-b5ad-12013274b0bc,9.0,0.0,1.0,1.0,3.0,4.0
dd73896e-8390-4df0-8829-d5026ce1ce28,0.0,4.5,2.0,2.5,2.5,3.5
ddb3848a-71ba-4f25-937e-f7079dbbbe49,2.3333333333333335,4.333333333333333,3.0,3.0,2.3333333333333335,1.3333333333333333
de229354-4bc6-4178-b30d-cf91949c8cf7,5.5,3.0,3.5,1.5,3.5,1.5
defc2fe9-9b34-4470-972b-a67d835ed00d,9.0,3.0,1.0,3.0,1.0,1.0
df0945a2-4e0d-4f2b-a5ef-d33ecd0b1069,8.333333333333334,3.6666666666666665,4.0,0.6666666666666666,2.0,3.3333333333333335
df8f9eb8-730b-4131-8e84-a71626bc9639,3.5,3.5,3.5,2.5,3.0,3.5
e00e6eb6-fc10-4130-be46-daf7e3e72a3e,6.0,2.0,1.5,2.5,2.5,2.5
e1a92847-108e-4e52-964d-571015782361,1.0,1.0,5.0,5.0,0.0,2.0
e204056d-4df1-418b-bd68-4e7332c367d7,4.0,2.5,3.0,4.0,2.5,4.5
e2f8406a-c1ca-4b31-adde-87d8f48ac62f,8.0,2.0,3.0,3.0,4.0,3.0
e36967da-7a26-41a7-b64d-76cbe2aacbef,4.5,0.0,0.0,3.0,3.0,2.5
e382d72d-f7a9-4318-9ec6-01dbfd9f9b26,5.0,4.0,5.0,1.0,5.0,3.0
e3c46c08-8f41-4dd6-83be-3e712a603c03,9.0,4.0,1.0,3.0,1.0,3.0
e3f1620e-e200-4bd1-a951-44a48af7afff,7.0,3.0,4.0,0.0,5.0,0.0
e454596a-c0fd-4eef-9f36-c432d66ad9b0,5.0,2.0,4.0,1.0,2.0,2.0
e46db53e-bb30-47aa-94c4-50f4916add55,10.0,5.0,0.0,0.0,0.0,5.0
e54c9bdd-6b41-41e4-a1b8-888ce8eff78a,2.5,1.5,2.0,1.5,3.5,2.0
e5a50698-68b1-47e3-af72-ea50e53d2c1c,9.0,5.0,3.0,4.0,5.0,5.0
e5b8a0a7-2826-432c-b6b1-4c363b7f7714,9.0,0.0,3.0,4.0,5.0,4.0
e5dc6d27-bd1c-4c3f-b78d-570e1b5ff2fd,4.666666666666667,3.0,2.0,1.3333333333333333,4.333333333333333,2.6666666666666665
e5e95848-1e10-499e-a4dd-244358974e1a,7.333333333333333,3.0,3.0,3.0,3.6666666666666665,1.6666666666666667
e5fbf28c-99d0-49d0-83b6-c8797ecd8f1f,3.0,3.0,1.0,2.0,1.0,4.0
e6d76a24-9b2c-4973-8b3d-ec532e63fe80,9.0,1.0,3.0,4.0,4.0,4.0
e797388a-a4f2-4cd0-8762-f10673198aca,10.0,5.0,2.0,3.0,3.0,1.0
e80cf342-ac00-4495-b5ce-9f8deacafd2b,2.0,0.0,5.0,4.0,3.0,3.0
e81c0a07-f69a-42ae-a22d-29a13f5f9a63,10.0,4.0,5.0,3.0,5.0,1.0
e915ae5e-87ce-41ec-a22c-298305d6860d,10.0,5.0,5.0,3.0,3.0,5.0
e9182c70-618d-461d-bb3f-7a042083ce56,6.0,2.0,3.0,1.0,3.0,1.0
e925a5ec-b132-4961-809b-7219a7e99bbd,3.0,0.5,4.5,2.0,4.0,1.0
e9473ca3-1f97-4d03-ab53-c3bf5c96015a,6.5,1.5,3.5,1.0,1.0,3.0
e975c920-cab8-4cc8-949f-89e2021b24ae,8.0,4.0,0.0,0.0,1.0,0.0
e9cd2239-8190-4d8e-bc1b-9d5989ff632e,6.0,4.0,0.0,0.0,5.0,2.0
eb947abe-05ef-4566-8a0e-a50f1521673b,0.0,3.0,2.0,1.0,0.0,2.0
ebf7d94b-52fb-4339-bb93-7d9831fb3976,8.0,1.0,3.0,4.0,0.0,4.0
ec9f19d0-d30b-4ab7-9141-7342d6f980fd,1.0,4.0,2.0,0.0,0.0,0.0
ecddb062-a7e2-4638-b01b-cfcf761b3012,5.6,2.4,1.4,0.6,2.8,2.8
ecef6d1c-c5d8-47aa-b25d-cfd9c9de763d,10.0,3.0,4.0,5.0,5.0,0.0
ed9dc48c-6df7-4fb4-a030-9bff82af286e,4.4,2.6,2.8,3.2,2.0,4.2
eeaa8817-1c9e-4d38-ae51-3be5705ba3e8,6.0,5.0,0.0,0.0,4.0,2.0
eef09d45-72e2-4678-913d-492307c32545,0.0,3.0,0.0,5.0,1.0,5.0
efc237c6-f1fb-4373-9dff-091792e42890,1.0,3.0,2.0,5.0,0.0,5.0
f07fcddd-d437-4180-8db1-a4fb4d08449c,3.0,2.0,0.0,5.0,4.0,5.0
f0c6cb67-7682-4c28-8861-bdf6ba15d8df,10.0,1.0,4.0,0.0,3.0,3.0
f1178752-6616-4475-9048-8e0e9139af7c,3.0,2.0,4.333333333333333,1.6666666666666667,3.0,2.3333333333333335
f13df5c9-ff68-4277-a738-0b0ec7eeb1ec,5.0,2.0,4.0,5.0,0.0,3.0
f17970a1-2cce-44e6-a35d-1d031f05c60c,7.333333333333333,2.6666666666666665,2.6666666666666665,2.3333333333333335,3.0,2.6666666666666665
f1e79c13-93bf-4d91-ab4c-14fede95cce8,3.0,2.0,1.0,0.0,5.0,0.0
f224d899-aee0-45fa-8ddf-8306d5e1c9cc,2.0,2.0,1.0,2.0,1.0,0.0
f3776b09-fc8a-489f-b91f-63b2e703147f,2.0,4.0,4.0,0.0,4.0,2.0
f39c7b30-8256-4a5f-ba80-7d468d5a3506,6.0,3.0,5.0,4.0,2.0,3.0
f3aabe73-866a-47b5-ae10-8787cb31b365,6.5,2.0,3.5,3.5,4.25,1.0
f3e2cf96-78b6-4f7b-8615-1744d3cb8c0c,7.0,0.0,3.0,2.0,0.0,0.0
f42c4d3c-1651-45f3-8f40-b549bdc7eb32,8.0,2.3333333333333335,1.3333333333333333,0.6666666666666666,1.6666666666666667,1.0
f4886ebf-30ee-4c82-916d-06654564dfc0,3.6666666666666665,0.3333333333333333,1.3333333333333333,5.0,2.6666666666666665,3.6666666666666665
f49a94d3-91f5-440b-941c-2b1a1967dae6,0.3333333333333333,3.3333333333333335,2.3333333333333335,2.6666666666666665,4.0,2.3333333333333335
f49e9892-2c86-446b-b46e-28949f90035b,6.5,2.75,1.5,3.25,3.25,1.5
f5b698b8-915e-40b7-be2c-864e341316e6,5.0,3.0,0.0,4.0,2.0,1.0
f5e44ca1-af2c-410f-99e1-f97d7618efb5,1.0,4.0,0.0,0.0,3.0,3.0
f6483fe8-0cfc-406f-a418-819eb3621656,5.0,0.0,5.0,5.0,0.0,0.0
f665f5fa-cc22-4af2-9afb-ecf19b53a737,9.0,4.5,4.0,3.0,3.0,2.5
f68198ea-1b05-4791-a585-910a63bd7cd9,1.0,0.0,4.0,4.0,1.0,2.0
f747eda0-2dce-4942-abf8-064c2674cd5d,8.0,5.0,5.0,2.0,2.0,5.0
f766e528-7e80-4c14-8158-fbfe8d5b446b,10.0,2.0,0.0,4.0,0.0,5.0
f872117e-f5f6-4345-a9ca-3cb086fed600,2.0,1.0,3.0,2.0,0.0,1.0
f8b1fbc6-62fe-48ed-aacb-a243a82a0a41,10.0,1.0,5.0,4.0,0.0,0.0
f92da9a6-37da-4370-94df-09741a9a23c0,1.0,5.0,4.0,0.0,1.0,4.0
f9761516-2dd6-4101-ac6e-dea8dd97fafd,2.4,4.2,2.8,1.8,1.8,2.0
fa1a4902-051a-46bb-a7aa-c601e31a5465,6.0,3.5,3.0,1.0,3.0,1.0
fa6cc3bc-cb5a-446f-aa01-50b97e9b1f12,6.0,1.0,0.0,4.0,2.0,5.0
fb67eca2-3ee2-4ad8-beaa-3b0f59df2fd2,10.0,3.0,4.0,2.0,5.0,1.0
fc621dbd-9c90-4d86-9d7b-85241961813f,2.0,5.0,5.0,4.0,5.0,4.0
fdb2e35e-3911-4eec-8664-6d5a0adc6a8c,5.5,1.5,4.5,4.5,4.0,3.5
fdba7c0b-f75a-41dc-b446-9eebe1b9a825,4.0,1.0,2.0,1.0,0.0,2.0
fdd1abb9-a4dd-41cd-a4c6-89ff907ee444,5.0,0.5,3.5,5.0,2.0,2.0
fe005877-a239-42d7-9787-a2cdabad61a5,1.5,2.0,1.5,3.0,2.0,4.5
fe541cc6-4b17-4b9a-bc7e-47029f056922,4.0,4.0,2.0,2.0,2.5,0.5
fe572fdb-603b-44d5-b391-01f2bc554f8d,6.0,3.0,5.0,3.0,2.0,3.0
fe90e68a-d3e4-4669-9a4d-5c6095c60a87,0.0,4.0,4.0,3.0,0.0,1.0
fed29728-33c6-47d9-b13f-deb4e93977e6,7.0,0.0,4.0,4.0,3.0,4.0
ff157649-460b-45b1-aaf1-7e8cf6b1f130,1.0,3.0,1.0,1.0,2.0,1.0
ff1ff5a8-1f2f-4e69-a20b-8b376e60a529,1.0,0.0,3.0,5.0,0.0,3.0
ff460051-5ced-42fa-974d-19c952e379be,9.0,5.0,1.0,4.0,1.0,5.0
ff58289b-5dc7-4313-b2d9-37fccbf570ac,7.0,4.0,4.0,2.0,3.0,5.0
ffe2178f-72ac-4dac-b900-df1a917255d2,8.0,2.0,1.0,5.0,4.0,4.0
